{
  "car": {
    "AP@0.5": 0.0,
    "AP@1.0": 0.0,
    "AP@2.0": 0.005373474465403617,
    "AP@4.0": 0.01733069326523508,
    "AP_mean": 0.005676041932659675,
    "trans_err": 1.0878095746498047,
    "scale_err": 0.8290985640370189,
    "orient_err": 1.6875935881239201,
    "vel_err": 0.0,
    "attr_err": 1.0
  },
  "truck": {
    "AP@0.5": 0.0,
    "AP@1.0": 0.0,
    "AP@2.0": 0.0013017135872541031,
    "AP@4.0": 0.021748920549014734,
    "AP_mean": 0.005762658534067209,
    "trans_err": 1.215399587977472,
    "scale_err": 0.8186748735789284,
    "orient_err": 1.5930723596917369,
    "vel_err": 0.0,
    "attr_err": 1.0
  },
  "bus": {
    "AP@0.5": 0.0,
    "AP@1.0": 0.0,
    "AP@2.0": 0.0,
    "AP@4.0": 0.011842988018206137,
    "AP_mean": 0.002960747004551534,
    "trans_err": 1.0,
    "scale_err": 1.0,
    "orient_err": 1.0,
    "vel_err": 1.0,
    "attr_err": 1.0
  },
  "trailer": {
    "AP@0.5": 0.0,
    "AP@1.0": 0.0,
    "AP@2.0": 0.0,
    "AP@4.0": 0.0,
    "AP_mean": 0.0,
    "trans_err": 1.0,
    "scale_err": 1.0,
    "orient_err": 1.0,
    "vel_err": 1.0,
    "attr_err": 1.0
  },
  "construction_vehicle": {
    "AP@0.5": 0.0,
    "AP@1.0": 0.0,
    "AP@2.0": 0.0,
    "AP@4.0": 0.0028589584090599834,
    "AP_mean": 0.0007147396022649958,
    "trans_err": 1.1306502522701194,
    "scale_err": 0.7769519353115375,
    "orient_err": 1.3496578954284482,
    "vel_err": 0.0,
    "attr_err": 1.0
  },
  "pedestrian": {
    "AP@0.5": 0.0,
    "AP@1.0": 0.0,
    "AP@2.0": 0.0,
    "AP@4.0": 0.0,
    "AP_mean": 0.0,
    "trans_err": 1.0,
    "scale_err": 1.0,
    "orient_err": 1.0,
    "vel_err": 1.0,
    "attr_err": 1.0
  },
  "motorcycle": {
    "AP@0.5": 0.0,
    "AP@1.0": 0.0,
    "AP@2.0": 0.0,
    "AP@4.0": 0.0,
    "AP_mean": 0.0,
    "trans_err": 1.0,
    "scale_err": 1.0,
    "orient_err": 1.0,
    "vel_err": 1.0,
    "attr_err": 1.0
  },
  "bicycle": {
    "AP@0.5": 0.0,
    "AP@1.0": 0.0,
    "AP@2.0": 0.0,
    "AP@4.0": 0.0,
    "AP_mean": 0.0,
    "trans_err": 1.0,
    "scale_err": 1.0,
    "orient_err": 1.0,
    "vel_err": 1.0,
    "attr_err": 1.0
  },
  "traffic_cone": {
    "AP@0.5": 0.0,
    "AP@1.0": 0.0,
    "AP@2.0": 0.0,
    "AP@4.0": 0.0,
    "AP_mean": 0.0,
    "trans_err": 1.0,
    "scale_err": 1.0,
    "orient_err": NaN,
    "vel_err": NaN,
    "attr_err": NaN
  },
  "barrier": {
    "AP@0.5": 0.0,
    "AP@1.0": 0.0,
    "AP@2.0": 0.00422751708274733,
    "AP@4.0": 0.01695840985059618,
    "AP_mean": 0.005296481733335878,
    "trans_err": 0.9372944544247239,
    "scale_err": 0.8084933857828329,
    "orient_err": 0.269806816268864,
    "vel_err": NaN,
    "attr_err": NaN
  }
}