{
  "scene_name": "scene0011_00",
  "config_path": "pretrained/config_scannet200.yaml",
  "n_streaming_frames": 238,
  "n_offline_predictions": 600,
  "n_streaming_predictions": 600,
  "offline_metrics": {
    "AP": 0.3672916929117326,
    "AP_50": 0.48809996220710505,
    "AP_25": 0.5621533228676087,
    "head_AP": 0.36729169291173264,
    "head_AP_50": 0.48809996220710505,
    "head_AP_25": 0.5621533228676087,
    "common_AP": NaN,
    "common_AP_50": NaN,
    "common_AP_25": NaN,
    "tail_AP": NaN,
    "tail_AP_50": NaN,
    "tail_AP_25": NaN
  },
  "streaming_metrics": {
    "AP": 0.33708436886628945,
    "AP_50": 0.48733434908003875,
    "AP_25": 0.5557203859804791,
    "head_AP": 0.33708436886628945,
    "head_AP_50": 0.48733434908003875,
    "head_AP_25": 0.5557203859804791,
    "common_AP": NaN,
    "common_AP_50": NaN,
    "common_AP_25": NaN,
    "tail_AP": NaN,
    "tail_AP_50": NaN,
    "tail_AP_25": NaN
  },
  "delta_AP": -0.03020732404544313,
  "sanity_threshold": 0.005,
  "sanity_pass": false,
  "offline_inference_seconds": 25.42962908744812,
  "streaming_inference_seconds": 35.98411202430725,
  "d3_visible_per_frame": {
    "min": 3,
    "median": 9.0,
    "mean": 10.890756302521009,
    "max": 25,
    "samples": [
      14,
      13,
      15,
      20,
      16,
      16,
      9,
      9,
      9,
      12,
      12,
      12,
      13,
      14,
      9,
      8,
      12,
      12,
      11,
      12,
      12,
      9,
      9,
      8,
      7,
      7,
      7,
      7,
      9,
      9,
      9,
      10,
      10,
      12,
      12,
      10,
      9,
      9,
      9,
      9,
      8,
      8,
      8,
      8,
      8,
      8,
      8,
      8,
      8,
      8,
      8,
      7,
      6,
      6,
      9,
      8,
      11,
      9,
      9,
      11,
      12,
      13,
      13,
      14,
      14,
      14,
      13,
      13,
      13,
      15,
      15,
      15,
      14,
      13,
      12,
      17,
      14,
      15,
      15,
      19,
      13,
      10,
      10,
      17,
      18,
      20,
      17,
      16,
      13,
      9,
      9,
      9,
      9,
      9,
      8,
      9,
      8,
      9,
      9,
      9,
      9,
      9,
      14,
      16,
      15,
      16,
      16,
      12,
      11,
      11,
      12,
      11,
      10,
      10,
      10,
      9,
      8,
      8,
      8,
      9,
      8,
      8,
      7,
      8,
      7,
      7,
      8,
      8,
      10,
      14,
      14,
      9,
      7,
      7,
      9,
      9,
      8,
      8,
      7,
      5,
      5,
      6,
      6,
      8,
      7,
      6,
      6,
      6,
      7,
      6,
      6,
      5,
      6,
      6,
      6,
      6,
      7,
      9,
      9,
      12,
      11,
      12,
      14,
      13,
      12,
      12,
      12,
      11,
      9,
      10,
      10,
      10,
      8,
      9,
      9,
      9,
      9,
      6,
      6,
      5,
      3,
      5,
      5,
      5,
      6,
      9,
      8,
      11,
      17,
      19,
      19,
      21,
      21,
      20,
      24,
      25,
      24,
      21,
      20,
      18,
      19,
      17,
      18,
      17,
      15,
      14,
      10,
      9,
      8,
      7,
      6,
      4,
      4,
      5,
      6,
      6,
      7,
      10,
      13,
      15,
      18,
      18,
      14,
      15,
      15,
      15,
      17,
      16,
      17,
      14,
      15,
      14,
      11,
      11,
      9,
      9,
      11,
      9
    ]
  }
}