{
  "n_samples": 6019,
  "n_pred_boxes_total": 32599,
  "n_gt_boxes_total": 187528,
  "axis_walltime_s": 25.82961082458496,
  "mAP": 8.127801827296851e-05,
  "NDS": 4.0639009136484255e-05,
  "mAP_minus_baseline": -0.001956511015988071,
  "temporal": {
    "n_samples": 6019,
    "label_switch_count_total": 0,
    "time_to_confirm": {
      "n_instances": 3288,
      "mean": 3.0833333333333335,
      "median": 2.0,
      "p90": 5.0,
      "max": 10
    }
  },
  "fire_audit": {
    "n_proposals_total": 109694,
    "n_emitted_total": 32599,
    "n_suppressed_by_gate": 75197,
    "n_m21_weighted_votes": 0,
    "n_relabeled_by_m21": 0,
    "n_merged_by_m31": 0,
    "n_merged_by_m32": 0,
    "n_samples": 6019
  }
}