{
  "n_samples": 6019,
  "n_pred_boxes_total": 39676,
  "n_gt_boxes_total": 187528,
  "axis_walltime_s": 22.513508558273315,
  "mAP": 0.00023337394110775075,
  "NDS": 0.011698647330696093,
  "mAP_minus_baseline": -0.0018044150931532884,
  "temporal": {
    "n_samples": 6019,
    "label_switch_count_total": 0,
    "time_to_confirm": {
      "n_instances": 3968,
      "mean": 3.0962701612903225,
      "median": 2.0,
      "p90": 5.0,
      "max": 10
    }
  },
  "fire_audit": {
    "n_proposals_total": 109694,
    "n_emitted_total": 39676,
    "n_suppressed_by_gate": 67610,
    "n_m21_weighted_votes": 0,
    "n_relabeled_by_m21": 0,
    "n_merged_by_m31": 0,
    "n_merged_by_m32": 0,
    "n_samples": 6019
  }
}