{
  "car": {
    "AP@0.5": 0.0,
    "AP@1.0": 0.0,
    "AP@2.0": 0.005542216251856217,
    "AP@4.0": 0.017525871883999216,
    "AP_mean": 0.005767022033963858,
    "trans_err": 1.079378182735707,
    "scale_err": 0.8242199890468196,
    "orient_err": 1.692471943502307,
    "vel_err": 0.0,
    "attr_err": 1.0
  },
  "truck": {
    "AP@0.5": 0.0,
    "AP@1.0": 0.0,
    "AP@2.0": 0.0015462238122644874,
    "AP@4.0": 0.020602073057535617,
    "AP_mean": 0.005537074217450026,
    "trans_err": 1.210606314465908,
    "scale_err": 0.8139313135777314,
    "orient_err": 1.5899930411159797,
    "vel_err": 0.0,
    "attr_err": 1.0
  },
  "bus": {
    "AP@0.5": 0.0,
    "AP@1.0": 0.0,
    "AP@2.0": 0.0,
    "AP@4.0": 0.011125141516921292,
    "AP_mean": 0.002781285379230323,
    "trans_err": 1.0,
    "scale_err": 1.0,
    "orient_err": 1.0,
    "vel_err": 1.0,
    "attr_err": 1.0
  },
  "trailer": {
    "AP@0.5": 0.0,
    "AP@1.0": 0.0,
    "AP@2.0": 0.0,
    "AP@4.0": 0.0,
    "AP_mean": 0.0,
    "trans_err": 1.0,
    "scale_err": 1.0,
    "orient_err": 1.0,
    "vel_err": 1.0,
    "attr_err": 1.0
  },
  "construction_vehicle": {
    "AP@0.5": 0.0,
    "AP@1.0": 0.0,
    "AP@2.0": 0.0,
    "AP@4.0": 0.0031498188618045435,
    "AP_mean": 0.0007874547154511359,
    "trans_err": 1.1461240233340446,
    "scale_err": 0.7697162635900918,
    "orient_err": 1.3498394632086164,
    "vel_err": 0.0,
    "attr_err": 1.0
  },
  "pedestrian": {
    "AP@0.5": 0.0,
    "AP@1.0": 0.0,
    "AP@2.0": 0.0,
    "AP@4.0": 0.0,
    "AP_mean": 0.0,
    "trans_err": 1.0,
    "scale_err": 1.0,
    "orient_err": 1.0,
    "vel_err": 1.0,
    "attr_err": 1.0
  },
  "motorcycle": {
    "AP@0.5": 0.0,
    "AP@1.0": 0.0,
    "AP@2.0": 0.0,
    "AP@4.0": 0.0,
    "AP_mean": 0.0,
    "trans_err": 1.0,
    "scale_err": 1.0,
    "orient_err": 1.0,
    "vel_err": 1.0,
    "attr_err": 1.0
  },
  "bicycle": {
    "AP@0.5": 0.0,
    "AP@1.0": 0.0,
    "AP@2.0": 0.0,
    "AP@4.0": 0.0,
    "AP_mean": 0.0,
    "trans_err": 1.0,
    "scale_err": 1.0,
    "orient_err": 1.0,
    "vel_err": 1.0,
    "attr_err": 1.0
  },
  "traffic_cone": {
    "AP@0.5": 0.0,
    "AP@1.0": 0.0,
    "AP@2.0": 0.0,
    "AP@4.0": 0.0,
    "AP_mean": 0.0,
    "trans_err": 1.0,
    "scale_err": 1.0,
    "orient_err": NaN,
    "vel_err": NaN,
    "attr_err": NaN
  },
  "barrier": {
    "AP@0.5": 0.0,
    "AP@1.0": 0.0,
    "AP@2.0": 0.004385575396074989,
    "AP@4.0": 0.01763464058998522,
    "AP_mean": 0.005505053996515052,
    "trans_err": 0.9314897783869991,
    "scale_err": 0.8064771675953096,
    "orient_err": 0.27406739418174136,
    "vel_err": NaN,
    "attr_err": NaN
  }
}