{
  "n_samples": 6019,
  "n_pred_boxes_total": 32302,
  "n_gt_boxes_total": 187528,
  "axis_walltime_s": 32.17525053024292,
  "mAP": 8.118567688545006e-05,
  "NDS": 4.059283844272503e-05,
  "mAP_minus_baseline": -0.001956603357375589,
  "temporal": {
    "n_samples": 6019,
    "label_switch_count_total": 0,
    "time_to_confirm": {
      "n_instances": 3288,
      "mean": 3.0833333333333335,
      "median": 2.0,
      "p90": 5.0,
      "max": 10
    }
  },
  "fire_audit": {
    "n_proposals_total": 109694,
    "n_emitted_total": 32302,
    "n_suppressed_by_gate": 75197,
    "n_m21_weighted_votes": 109694,
    "n_relabeled_by_m21": 0,
    "n_merged_by_m31": 297,
    "n_merged_by_m32": 0,
    "n_samples": 6019
  }
}