{
  "dataset": "scannet200",
  "metrics": {
    "average": {
      "AP": 0.19105609463035172,
      "AP_50": 0.2481649725361257,
      "AP_25": 0.28998729016763425,
      "AR": 0.11282533302817185,
      "RC_50": 0.4782462034414705,
      "RC_25": 0.5567738470741415,
      "APCDC": 0.6094194039899514,
      "PCDC_50": 0.7265094735577896,
      "PCDC_25": 0.7814629981184182
    },
    "head": {
      "AP": 0.25994312440500866,
      "AP_50": 0.33721716771300575,
      "AP_25": 0.3890445912035238,
      "AR": 0.15514047421488203,
      "RC_50": 0.6317007918045182,
      "RC_25": 0.7231310072934451
    },
    "common": {
      "AP": 0.17655420936302327,
      "AP_50": 0.23638772511157383,
      "AP_25": 0.27381094740826173,
      "AR": 0.10120994066870971,
      "RC_50": 0.46619068594599944,
      "RC_25": 0.5392594909296117
    },
    "tail": {
      "AP": 0.126868180496987,
      "AP_50": 0.15679794644863587,
      "AP_25": 0.19205756818730624,
      "AR": 0.08375984279323204,
      "RC_50": 0.3108853697742586,
      "RC_25": 0.3806919006919006
    }
  }
}