{
  "sanity_threshold": 0.005,
  "offline_AP": 0.24726472743621264,
  "streaming_AP": 0.19105609463035172,
  "delta_AP": -0.056208632805860914,
  "offline_AP_50": 0.31754644603378346,
  "streaming_AP_50": 0.2481649725361257,
  "delta_AP_50": -0.06938147349765775,
  "offline_AP_25": 0.36240411494463204,
  "streaming_AP_25": 0.28998729016763425,
  "delta_AP_25": -0.07241682477699779,
  "sanity_pass": false
}