{
  "n_samples": 6019,
  "n_pred_boxes_total": 46228,
  "n_gt_boxes_total": 187528,
  "axis_walltime_s": 39.27259111404419,
  "mAP": 0.0004019306426975973,
  "NDS": 0.011591995074261062,
  "mAP_minus_baseline": -0.0016358583915634418,
  "temporal": {
    "n_samples": 6019,
    "label_switch_count_total": 1605,
    "time_to_confirm": {
      "n_instances": 4784,
      "mean": 3.4145066889632107,
      "median": 3.0,
      "p90": 6.0,
      "max": 20
    }
  },
  "fire_audit": {
    "n_proposals_total": 109694,
    "n_emitted_total": 46228,
    "n_suppressed_by_gate": 60521,
    "n_m21_weighted_votes": 0,
    "n_relabeled_by_m21": 0,
    "n_merged_by_m31": 0,
    "n_merged_by_m32": 0,
    "n_samples": 6019
  }
}