{
  "n_samples_total": 50,
  "n_samples_evaluated": 43,
  "n_samples_skipped": 7,
  "openyolo3d_init_s": 17.738786458969116,
  "samples_used_path": "results/diagnosis_step_a/samples_used.json",
  "samples_used_seed": 42,
  "text_prompts": [
    "car",
    "truck",
    "bus",
    "trailer",
    "construction_vehicle",
    "pedestrian",
    "motorcycle",
    "bicycle",
    "traffic_cone",
    "barrier"
  ],
  "instance_level": {
    "n_gt_total": 1735,
    "case_counts": {
      "M": 1,
      "L": 18,
      "D": 118,
      "miss": 1598
    },
    "M_rate": 0.0005763688760806917,
    "L_rate": 0.01037463976945245,
    "D_rate": 0.06801152737752161,
    "miss_rate": 0.9210374639769452,
    "distance_strata": {
      "0-10m": {
        "n_gt": 145,
        "M_rate": 0.0,
        "L_rate": 0.06206896551724138,
        "D_rate": 0.27586206896551724,
        "miss_rate": 0.6620689655172414
      },
      "10-20m": {
        "n_gt": 383,
        "M_rate": 0.0026109660574412533,
        "L_rate": 0.018276762402088774,
        "D_rate": 0.13054830287206268,
        "miss_rate": 0.8485639686684073
      },
      "20-30m": {
        "n_gt": 444,
        "M_rate": 0.0,
        "L_rate": 0.0022522522522522522,
        "D_rate": 0.04504504504504504,
        "miss_rate": 0.9527027027027027
      },
      "30-50m": {
        "n_gt": 494,
        "M_rate": 0.0,
        "L_rate": 0.0020242914979757085,
        "D_rate": 0.01417004048582996,
        "miss_rate": 0.9838056680161943
      },
      "50m+": {
        "n_gt": 269,
        "M_rate": 0.0,
        "L_rate": 0.0,
        "D_rate": 0.0037174721189591076,
        "miss_rate": 0.9962825278810409
      }
    }
  },
  "timing_s": {
    "adapter_s": {
      "median": 0.07863664627075195,
      "p95": 0.08133447170257568,
      "mean": 0.07866019980851995,
      "n": 43
    },
    "predict_s": {
      "median": 0.3837423324584961,
      "p95": 0.506922721862793,
      "mean": 0.6108323917832486,
      "n": 43
    },
    "format_s": {
      "median": 0.006197929382324219,
      "p95": 0.008901071548461915,
      "mean": 0.006465113440225291,
      "n": 43
    },
    "metrics_s": {
      "median": 0.023316144943237305,
      "p95": 0.0751997947692871,
      "mean": 0.028618075126825376,
      "n": 43
    },
    "total_s": {
      "median": 0.5050013065338135,
      "p95": 0.6729930162429809,
      "mean": 0.7391265602998955,
      "n": 43
    }
  },
  "nuscenes_eval": {
    "label_aps": {
      "car": {
        "0.5": 0.0,
        "1.0": 0.0,
        "2.0": 0.0,
        "4.0": 0.0
      },
      "truck": {
        "0.5": 0.0,
        "1.0": 0.0,
        "2.0": 0.0,
        "4.0": 0.0
      },
      "bus": {
        "0.5": 0.0,
        "1.0": 0.0,
        "2.0": 0.0,
        "4.0": 0.0
      },
      "trailer": {
        "0.5": 0.0,
        "1.0": 0.0,
        "2.0": 0.0,
        "4.0": 0.0
      },
      "construction_vehicle": {
        "0.5": 0.0,
        "1.0": 0.0,
        "2.0": 0.0,
        "4.0": 0.0
      },
      "pedestrian": {
        "0.5": 0.0,
        "1.0": 0.0,
        "2.0": 0.0,
        "4.0": 0.0
      },
      "motorcycle": {
        "0.5": 0.0,
        "1.0": 0.0,
        "2.0": 0.0,
        "4.0": 0.0
      },
      "bicycle": {
        "0.5": 0.0,
        "1.0": 0.0,
        "2.0": 0.0,
        "4.0": 0.0
      },
      "traffic_cone": {
        "0.5": 0.0,
        "1.0": 0.0,
        "2.0": 0.0,
        "4.0": 0.0
      },
      "barrier": {
        "0.5": 0.0,
        "1.0": 0.0,
        "2.0": 0.0,
        "4.0": 0.0
      }
    },
    "mean_dist_aps": {
      "car": 0.0,
      "truck": 0.0,
      "bus": 0.0,
      "trailer": 0.0,
      "construction_vehicle": 0.0,
      "pedestrian": 0.0,
      "motorcycle": 0.0,
      "bicycle": 0.0,
      "traffic_cone": 0.0,
      "barrier": 0.0
    },
    "mean_ap": 0.0,
    "label_tp_errors": {
      "car": {
        "trans_err": 1.0,
        "scale_err": 1.0,
        "orient_err": 1.0,
        "vel_err": 1.0,
        "attr_err": 1.0
      },
      "truck": {
        "trans_err": 1.0,
        "scale_err": 1.0,
        "orient_err": 1.0,
        "vel_err": 1.0,
        "attr_err": 1.0
      },
      "bus": {
        "trans_err": 1.0,
        "scale_err": 1.0,
        "orient_err": 1.0,
        "vel_err": 1.0,
        "attr_err": 1.0
      },
      "trailer": {
        "trans_err": 1.0,
        "scale_err": 1.0,
        "orient_err": 1.0,
        "vel_err": 1.0,
        "attr_err": 1.0
      },
      "construction_vehicle": {
        "trans_err": 1.0,
        "scale_err": 1.0,
        "orient_err": 1.0,
        "vel_err": 1.0,
        "attr_err": 1.0
      },
      "pedestrian": {
        "trans_err": 1.0,
        "scale_err": 1.0,
        "orient_err": 1.0,
        "vel_err": 1.0,
        "attr_err": 1.0
      },
      "motorcycle": {
        "trans_err": 1.0,
        "scale_err": 1.0,
        "orient_err": 1.0,
        "vel_err": 1.0,
        "attr_err": 1.0
      },
      "bicycle": {
        "trans_err": 1.0,
        "scale_err": 1.0,
        "orient_err": 1.0,
        "vel_err": 1.0,
        "attr_err": 1.0
      },
      "traffic_cone": {
        "trans_err": 1.0,
        "scale_err": 1.0,
        "orient_err": NaN,
        "vel_err": NaN,
        "attr_err": NaN
      },
      "barrier": {
        "trans_err": 1.0,
        "scale_err": 1.0,
        "orient_err": 1.0,
        "vel_err": NaN,
        "attr_err": NaN
      }
    },
    "tp_errors": {
      "trans_err": 1.0,
      "scale_err": 1.0,
      "orient_err": 1.0,
      "vel_err": 1.0,
      "attr_err": 1.0
    },
    "tp_scores": {
      "trans_err": 0.0,
      "scale_err": 0.0,
      "orient_err": 0.0,
      "vel_err": 0.0,
      "attr_err": 0.0
    },
    "nd_score": 0.0,
    "eval_time": null,
    "cfg": {
      "class_range": {
        "car": 50,
        "truck": 50,
        "bus": 50,
        "trailer": 50,
        "construction_vehicle": 50,
        "pedestrian": 40,
        "motorcycle": 40,
        "bicycle": 40,
        "traffic_cone": 30,
        "barrier": 30
      },
      "dist_fcn": "center_distance",
      "dist_ths": [
        0.5,
        1.0,
        2.0,
        4.0
      ],
      "dist_th_tp": 2.0,
      "min_recall": 0.1,
      "min_precision": 0.1,
      "max_boxes_per_sample": 500,
      "mean_ap_weight": 5
    },
    "counts": {
      "n_pred_boxes": 42,
      "n_gt_boxes": 1326,
      "n_samples": 43
    }
  },
  "v2_meta": {
    "fix": "gt_to_detection_boxes now writes ego_translation; rebuilt gt_boxes.json without re-running inference",
    "src_v1": "results/diagnosis_beta_baseline",
    "predictions_unchanged": true,
    "instance_level_unchanged": true
  }
}