{
  "scene_name": "scene0011_00",
  "config_path": "pretrained/config_scannet200.yaml",
  "n_streaming_frames": 238,
  "n_offline_predictions": 600,
  "n_streaming_predictions": 600,
  "offline_metrics": {
    "AP": 0.36917989417989416,
    "AP_50": 0.47596371882086164,
    "AP_25": 0.5253052503052503,
    "head_AP": 0.3691798941798942,
    "head_AP_50": 0.4759637188208617,
    "head_AP_25": 0.5253052503052503,
    "common_AP": NaN,
    "common_AP_50": NaN,
    "common_AP_25": NaN,
    "tail_AP": NaN,
    "tail_AP_50": NaN,
    "tail_AP_25": NaN
  },
  "streaming_metrics": {
    "AP": 0.1540353007038623,
    "AP_50": 0.20493377654091938,
    "AP_25": 0.2540410469559176,
    "head_AP": 0.15403530070386232,
    "head_AP_50": 0.2049337765409194,
    "head_AP_25": 0.2540410469559176,
    "common_AP": NaN,
    "common_AP_50": NaN,
    "common_AP_25": NaN,
    "tail_AP": NaN,
    "tail_AP_50": NaN,
    "tail_AP_25": NaN
  },
  "delta_AP": -0.21514459347603188,
  "sanity_threshold": 0.005,
  "sanity_pass": false,
  "offline_inference_seconds": 28.290277004241943,
  "streaming_inference_seconds": 51.28874087333679,
  "d3_visible_per_frame": {
    "min": 0,
    "median": 18.0,
    "mean": 19.252100840336134,
    "max": 47,
    "samples": [
      43,
      45,
      47,
      47,
      20,
      35,
      30,
      12,
      9,
      20,
      22,
      47,
      42,
      38,
      17,
      17,
      39,
      26,
      15,
      27,
      18,
      19,
      14,
      14,
      12,
      12,
      15,
      15,
      17,
      18,
      18,
      18,
      18,
      17,
      18,
      19,
      20,
      19,
      19,
      19,
      19,
      19,
      19,
      19,
      14,
      41,
      41,
      39,
      43,
      36,
      21,
      17,
      17,
      29,
      29,
      30,
      29,
      30,
      28,
      30,
      28,
      33,
      41,
      41,
      34,
      41,
      26,
      29,
      30,
      30,
      30,
      30,
      30,
      30,
      30,
      30,
      24,
      24,
      31,
      30,
      24,
      12,
      7,
      34,
      46,
      43,
      32,
      24,
      24,
      19,
      19,
      20,
      12,
      1,
      1,
      5,
      6,
      6,
      6,
      5,
      0,
      10,
      25,
      32,
      29,
      44,
      30,
      2,
      13,
      14,
      2,
      19,
      4,
      0,
      2,
      2,
      0,
      0,
      0,
      5,
      5,
      2,
      5,
      5,
      5,
      5,
      5,
      2,
      18,
      32,
      35,
      19,
      11,
      12,
      16,
      17,
      17,
      7,
      12,
      12,
      10,
      5,
      5,
      5,
      7,
      0,
      12,
      13,
      5,
      9,
      26,
      16,
      18,
      24,
      14,
      11,
      10,
      17,
      12,
      25,
      14,
      13,
      14,
      18,
      13,
      7,
      14,
      16,
      20,
      18,
      18,
      12,
      15,
      7,
      11,
      13,
      16,
      16,
      10,
      16,
      10,
      11,
      12,
      11,
      15,
      18,
      28,
      31,
      39,
      44,
      44,
      42,
      28,
      29,
      38,
      38,
      22,
      27,
      15,
      20,
      28,
      26,
      27,
      36,
      33,
      28,
      22,
      19,
      12,
      5,
      5,
      5,
      5,
      5,
      2,
      5,
      5,
      10,
      22,
      28,
      42,
      20,
      28,
      33,
      10,
      19,
      11,
      8,
      14,
      15,
      8,
      7,
      7,
      7,
      7,
      12,
      10,
      19
    ]
  }
}