{
  "label_aps": {
    "car": {
      "0.5": 0.0,
      "1.0": 0.0,
      "2.0": 0.005853127751623868,
      "4.0": 0.018572656238278
    },
    "truck": {
      "0.5": 0.0,
      "1.0": 0.0,
      "2.0": 0.0016095638497284016,
      "4.0": 0.020920039567627665
    },
    "bus": {
      "0.5": 0.0,
      "1.0": 0.0,
      "2.0": 0.0,
      "4.0": 0.011238752847261814
    },
    "trailer": {
      "0.5": 0.0,
      "1.0": 0.0,
      "2.0": 0.0,
      "4.0": 0.0
    },
    "construction_vehicle": {
      "0.5": 0.0,
      "1.0": 0.0,
      "2.0": 0.0,
      "4.0": 0.0032436488572914106
    },
    "pedestrian": {
      "0.5": 0.0,
      "1.0": 0.0,
      "2.0": 0.0,
      "4.0": 0.0
    },
    "motorcycle": {
      "0.5": 0.0,
      "1.0": 0.0,
      "2.0": 0.0,
      "4.0": 0.0
    },
    "bicycle": {
      "0.5": 0.0,
      "1.0": 0.0,
      "2.0": 0.0,
      "4.0": 0.0
    },
    "traffic_cone": {
      "0.5": 0.0,
      "1.0": 0.0,
      "2.0": 0.0,
      "4.0": 0.0
    },
    "barrier": {
      "0.5": 0.0,
      "1.0": 0.0,
      "2.0": 0.004127492251351492,
      "4.0": 0.01616536874063694
    }
  },
  "mean_dist_aps": {
    "car": 0.006106445997475467,
    "truck": 0.005632400854339016,
    "bus": 0.0028096882118154535,
    "trailer": 0.0,
    "construction_vehicle": 0.0008109122143228527,
    "pedestrian": 0.0,
    "motorcycle": 0.0,
    "bicycle": 0.0,
    "traffic_cone": 0.0,
    "barrier": 0.005073215247997108
  },
  "mean_ap": 0.00204326625259499,
  "label_tp_errors": {
    "car": {
      "trans_err": 1.0728555233854413,
      "scale_err": 0.8238567983753793,
      "orient_err": 1.6915627880893553,
      "vel_err": 0.0,
      "attr_err": 1.0
    },
    "truck": {
      "trans_err": 1.2098386502217977,
      "scale_err": 0.8144318474889767,
      "orient_err": 1.5896927385125246,
      "vel_err": 0.0,
      "attr_err": 1.0
    },
    "bus": {
      "trans_err": 1.0,
      "scale_err": 1.0,
      "orient_err": 1.0,
      "vel_err": 1.0,
      "attr_err": 1.0
    },
    "trailer": {
      "trans_err": 1.0,
      "scale_err": 1.0,
      "orient_err": 1.0,
      "vel_err": 1.0,
      "attr_err": 1.0
    },
    "construction_vehicle": {
      "trans_err": 1.1489133572291816,
      "scale_err": 0.7681343550898779,
      "orient_err": 1.3477831774988394,
      "vel_err": 0.0,
      "attr_err": 1.0
    },
    "pedestrian": {
      "trans_err": 1.0,
      "scale_err": 1.0,
      "orient_err": 1.0,
      "vel_err": 1.0,
      "attr_err": 1.0
    },
    "motorcycle": {
      "trans_err": 1.0,
      "scale_err": 1.0,
      "orient_err": 1.0,
      "vel_err": 1.0,
      "attr_err": 1.0
    },
    "bicycle": {
      "trans_err": 1.0,
      "scale_err": 1.0,
      "orient_err": 1.0,
      "vel_err": 1.0,
      "attr_err": 1.0
    },
    "traffic_cone": {
      "trans_err": 1.0,
      "scale_err": 1.0,
      "orient_err": NaN,
      "vel_err": NaN,
      "attr_err": NaN
    },
    "barrier": {
      "trans_err": 0.9204785338165692,
      "scale_err": 0.8070629343321152,
      "orient_err": 0.27456660101190655,
      "vel_err": NaN,
      "attr_err": NaN
    }
  },
  "tp_errors": {
    "trans_err": 1.0352086064652988,
    "scale_err": 0.921348593528635,
    "orient_err": 1.1004005894569584,
    "vel_err": 0.625,
    "attr_err": 1.0
  },
  "tp_scores": {
    "trans_err": 0.0,
    "scale_err": 0.07865140647136504,
    "orient_err": 0.0,
    "vel_err": 0.375,
    "attr_err": 0.0
  },
  "nd_score": 0.046386773773434,
  "eval_time": null,
  "cfg": {
    "class_range": {
      "car": 50,
      "truck": 50,
      "bus": 50,
      "trailer": 50,
      "construction_vehicle": 50,
      "pedestrian": 40,
      "motorcycle": 40,
      "bicycle": 40,
      "traffic_cone": 30,
      "barrier": 30
    },
    "dist_fcn": "center_distance",
    "dist_ths": [
      0.5,
      1.0,
      2.0,
      4.0
    ],
    "dist_th_tp": 2.0,
    "min_recall": 0.1,
    "min_precision": 0.1,
    "max_boxes_per_sample": 500,
    "mean_ap_weight": 5
  },
  "counts": {
    "n_pred_boxes": 93426,
    "n_gt_boxes": 134565,
    "n_samples": 6019
  }
}