{
  "car": {
    "AP@0.5": 0.0,
    "AP@1.0": 0.0,
    "AP@2.0": 0.005853127751623868,
    "AP@4.0": 0.018572656238278,
    "AP_mean": 0.006106445997475467,
    "trans_err": 1.0728555233854413,
    "scale_err": 0.8238567983753793,
    "orient_err": 1.6915627880893553,
    "vel_err": 0.0,
    "attr_err": 1.0
  },
  "truck": {
    "AP@0.5": 0.0,
    "AP@1.0": 0.0,
    "AP@2.0": 0.0016095638497284016,
    "AP@4.0": 0.020920039567627665,
    "AP_mean": 0.005632400854339016,
    "trans_err": 1.2098386502217977,
    "scale_err": 0.8144318474889767,
    "orient_err": 1.5896927385125246,
    "vel_err": 0.0,
    "attr_err": 1.0
  },
  "bus": {
    "AP@0.5": 0.0,
    "AP@1.0": 0.0,
    "AP@2.0": 0.0,
    "AP@4.0": 0.011238752847261814,
    "AP_mean": 0.0028096882118154535,
    "trans_err": 1.0,
    "scale_err": 1.0,
    "orient_err": 1.0,
    "vel_err": 1.0,
    "attr_err": 1.0
  },
  "trailer": {
    "AP@0.5": 0.0,
    "AP@1.0": 0.0,
    "AP@2.0": 0.0,
    "AP@4.0": 0.0,
    "AP_mean": 0.0,
    "trans_err": 1.0,
    "scale_err": 1.0,
    "orient_err": 1.0,
    "vel_err": 1.0,
    "attr_err": 1.0
  },
  "construction_vehicle": {
    "AP@0.5": 0.0,
    "AP@1.0": 0.0,
    "AP@2.0": 0.0,
    "AP@4.0": 0.0032436488572914106,
    "AP_mean": 0.0008109122143228527,
    "trans_err": 1.1489133572291816,
    "scale_err": 0.7681343550898779,
    "orient_err": 1.3477831774988394,
    "vel_err": 0.0,
    "attr_err": 1.0
  },
  "pedestrian": {
    "AP@0.5": 0.0,
    "AP@1.0": 0.0,
    "AP@2.0": 0.0,
    "AP@4.0": 0.0,
    "AP_mean": 0.0,
    "trans_err": 1.0,
    "scale_err": 1.0,
    "orient_err": 1.0,
    "vel_err": 1.0,
    "attr_err": 1.0
  },
  "motorcycle": {
    "AP@0.5": 0.0,
    "AP@1.0": 0.0,
    "AP@2.0": 0.0,
    "AP@4.0": 0.0,
    "AP_mean": 0.0,
    "trans_err": 1.0,
    "scale_err": 1.0,
    "orient_err": 1.0,
    "vel_err": 1.0,
    "attr_err": 1.0
  },
  "bicycle": {
    "AP@0.5": 0.0,
    "AP@1.0": 0.0,
    "AP@2.0": 0.0,
    "AP@4.0": 0.0,
    "AP_mean": 0.0,
    "trans_err": 1.0,
    "scale_err": 1.0,
    "orient_err": 1.0,
    "vel_err": 1.0,
    "attr_err": 1.0
  },
  "traffic_cone": {
    "AP@0.5": 0.0,
    "AP@1.0": 0.0,
    "AP@2.0": 0.0,
    "AP@4.0": 0.0,
    "AP_mean": 0.0,
    "trans_err": 1.0,
    "scale_err": 1.0,
    "orient_err": NaN,
    "vel_err": NaN,
    "attr_err": NaN
  },
  "barrier": {
    "AP@0.5": 0.0,
    "AP@1.0": 0.0,
    "AP@2.0": 0.004127492251351492,
    "AP@4.0": 0.01616536874063694,
    "AP_mean": 0.005073215247997108,
    "trans_err": 0.9204785338165692,
    "scale_err": 0.8070629343321152,
    "orient_err": 0.27456660101190655,
    "vel_err": NaN,
    "attr_err": NaN
  }
}