{
  "label_aps": {
    "car": {
      "0.5": 0.0,
      "1.0": 0.0,
      "2.0": 0.005582231050858827,
      "4.0": 0.017709936607225866
    },
    "truck": {
      "0.5": 0.0,
      "1.0": 0.0,
      "2.0": 0.0015635800950118104,
      "4.0": 0.020612251807390205
    },
    "bus": {
      "0.5": 0.0,
      "1.0": 0.0,
      "2.0": 0.0,
      "4.0": 0.011150009395929965
    },
    "trailer": {
      "0.5": 0.0,
      "1.0": 0.0,
      "2.0": 0.0,
      "4.0": 0.0
    },
    "construction_vehicle": {
      "0.5": 0.0,
      "1.0": 0.0,
      "2.0": 0.0,
      "4.0": 0.0031506780259671413
    },
    "pedestrian": {
      "0.5": 0.0,
      "1.0": 0.0,
      "2.0": 0.0,
      "4.0": 0.0
    },
    "motorcycle": {
      "0.5": 0.0,
      "1.0": 0.0,
      "2.0": 0.0,
      "4.0": 0.0
    },
    "bicycle": {
      "0.5": 0.0,
      "1.0": 0.0,
      "2.0": 0.0,
      "4.0": 0.0
    },
    "traffic_cone": {
      "0.5": 0.0,
      "1.0": 0.0,
      "2.0": 0.0,
      "4.0": 0.0
    },
    "barrier": {
      "0.5": 0.0,
      "1.0": 0.0,
      "2.0": 0.004378128459115488,
      "4.0": 0.016957577873240703
    }
  },
  "mean_dist_aps": {
    "car": 0.005823041914521173,
    "truck": 0.0055439579756005036,
    "bus": 0.002787502348982491,
    "trailer": 0.0,
    "construction_vehicle": 0.0007876695064917853,
    "pedestrian": 0.0,
    "motorcycle": 0.0,
    "bicycle": 0.0,
    "traffic_cone": 0.0,
    "barrier": 0.005333926583089048
  },
  "mean_ap": 0.0020276098328685004,
  "label_tp_errors": {
    "car": {
      "trans_err": 1.0770069259670287,
      "scale_err": 0.8238505383533652,
      "orient_err": 1.6928537512431825,
      "vel_err": 0.0,
      "attr_err": 1.0
    },
    "truck": {
      "trans_err": 1.2105950980738613,
      "scale_err": 0.813937071567635,
      "orient_err": 1.5899930411159797,
      "vel_err": 0.0,
      "attr_err": 1.0
    },
    "bus": {
      "trans_err": 1.0,
      "scale_err": 1.0,
      "orient_err": 1.0,
      "vel_err": 1.0,
      "attr_err": 1.0
    },
    "trailer": {
      "trans_err": 1.0,
      "scale_err": 1.0,
      "orient_err": 1.0,
      "vel_err": 1.0,
      "attr_err": 1.0
    },
    "construction_vehicle": {
      "trans_err": 1.1489133572291816,
      "scale_err": 0.7681343550898779,
      "orient_err": 1.3477831774988394,
      "vel_err": 0.0,
      "attr_err": 1.0
    },
    "pedestrian": {
      "trans_err": 1.0,
      "scale_err": 1.0,
      "orient_err": 1.0,
      "vel_err": 1.0,
      "attr_err": 1.0
    },
    "motorcycle": {
      "trans_err": 1.0,
      "scale_err": 1.0,
      "orient_err": 1.0,
      "vel_err": 1.0,
      "attr_err": 1.0
    },
    "bicycle": {
      "trans_err": 1.0,
      "scale_err": 1.0,
      "orient_err": 1.0,
      "vel_err": 1.0,
      "attr_err": 1.0
    },
    "traffic_cone": {
      "trans_err": 1.0,
      "scale_err": 1.0,
      "orient_err": NaN,
      "vel_err": NaN,
      "attr_err": NaN
    },
    "barrier": {
      "trans_err": 0.9289285668483047,
      "scale_err": 0.8064694675562424,
      "orient_err": 0.2736892175525415,
      "vel_err": NaN,
      "attr_err": NaN
    }
  },
  "tp_errors": {
    "trans_err": 1.0365443948118376,
    "scale_err": 0.921239143256712,
    "orient_err": 1.1004799097122828,
    "vel_err": 0.625,
    "attr_err": 1.0
  },
  "tp_scores": {
    "trans_err": 0.0,
    "scale_err": 0.07876085674328803,
    "orient_err": 0.0,
    "vel_err": 0.375,
    "attr_err": 0.0
  },
  "nd_score": 0.04638989059076305,
  "eval_time": null,
  "cfg": {
    "class_range": {
      "car": 50,
      "truck": 50,
      "bus": 50,
      "trailer": 50,
      "construction_vehicle": 50,
      "pedestrian": 40,
      "motorcycle": 40,
      "bicycle": 40,
      "traffic_cone": 30,
      "barrier": 30
    },
    "dist_fcn": "center_distance",
    "dist_ths": [
      0.5,
      1.0,
      2.0,
      4.0
    ],
    "dist_th_tp": 2.0,
    "min_recall": 0.1,
    "min_precision": 0.1,
    "max_boxes_per_sample": 500,
    "mean_ap_weight": 5
  },
  "counts": {
    "n_pred_boxes": 94964,
    "n_gt_boxes": 134565,
    "n_samples": 6019
  }
}