{
  "car": {
    "AP@0.5": 0.0,
    "AP@1.0": 0.0,
    "AP@2.0": 0.005582231050858827,
    "AP@4.0": 0.017709936607225866,
    "AP_mean": 0.005823041914521173,
    "trans_err": 1.0770069259670287,
    "scale_err": 0.8238505383533652,
    "orient_err": 1.6928537512431825,
    "vel_err": 0.0,
    "attr_err": 1.0
  },
  "truck": {
    "AP@0.5": 0.0,
    "AP@1.0": 0.0,
    "AP@2.0": 0.0015635800950118104,
    "AP@4.0": 0.020612251807390205,
    "AP_mean": 0.0055439579756005036,
    "trans_err": 1.2105950980738613,
    "scale_err": 0.813937071567635,
    "orient_err": 1.5899930411159797,
    "vel_err": 0.0,
    "attr_err": 1.0
  },
  "bus": {
    "AP@0.5": 0.0,
    "AP@1.0": 0.0,
    "AP@2.0": 0.0,
    "AP@4.0": 0.011150009395929965,
    "AP_mean": 0.002787502348982491,
    "trans_err": 1.0,
    "scale_err": 1.0,
    "orient_err": 1.0,
    "vel_err": 1.0,
    "attr_err": 1.0
  },
  "trailer": {
    "AP@0.5": 0.0,
    "AP@1.0": 0.0,
    "AP@2.0": 0.0,
    "AP@4.0": 0.0,
    "AP_mean": 0.0,
    "trans_err": 1.0,
    "scale_err": 1.0,
    "orient_err": 1.0,
    "vel_err": 1.0,
    "attr_err": 1.0
  },
  "construction_vehicle": {
    "AP@0.5": 0.0,
    "AP@1.0": 0.0,
    "AP@2.0": 0.0,
    "AP@4.0": 0.0031506780259671413,
    "AP_mean": 0.0007876695064917853,
    "trans_err": 1.1489133572291816,
    "scale_err": 0.7681343550898779,
    "orient_err": 1.3477831774988394,
    "vel_err": 0.0,
    "attr_err": 1.0
  },
  "pedestrian": {
    "AP@0.5": 0.0,
    "AP@1.0": 0.0,
    "AP@2.0": 0.0,
    "AP@4.0": 0.0,
    "AP_mean": 0.0,
    "trans_err": 1.0,
    "scale_err": 1.0,
    "orient_err": 1.0,
    "vel_err": 1.0,
    "attr_err": 1.0
  },
  "motorcycle": {
    "AP@0.5": 0.0,
    "AP@1.0": 0.0,
    "AP@2.0": 0.0,
    "AP@4.0": 0.0,
    "AP_mean": 0.0,
    "trans_err": 1.0,
    "scale_err": 1.0,
    "orient_err": 1.0,
    "vel_err": 1.0,
    "attr_err": 1.0
  },
  "bicycle": {
    "AP@0.5": 0.0,
    "AP@1.0": 0.0,
    "AP@2.0": 0.0,
    "AP@4.0": 0.0,
    "AP_mean": 0.0,
    "trans_err": 1.0,
    "scale_err": 1.0,
    "orient_err": 1.0,
    "vel_err": 1.0,
    "attr_err": 1.0
  },
  "traffic_cone": {
    "AP@0.5": 0.0,
    "AP@1.0": 0.0,
    "AP@2.0": 0.0,
    "AP@4.0": 0.0,
    "AP_mean": 0.0,
    "trans_err": 1.0,
    "scale_err": 1.0,
    "orient_err": NaN,
    "vel_err": NaN,
    "attr_err": NaN
  },
  "barrier": {
    "AP@0.5": 0.0,
    "AP@1.0": 0.0,
    "AP@2.0": 0.004378128459115488,
    "AP@4.0": 0.016957577873240703,
    "AP_mean": 0.005333926583089048,
    "trans_err": 0.9289285668483047,
    "scale_err": 0.8064694675562424,
    "orient_err": 0.2736892175525415,
    "vel_err": NaN,
    "attr_err": NaN
  }
}