{
  "n_samples": 6019,
  "n_pred_boxes_total": 102637,
  "n_gt_boxes_total": 187528,
  "axis_walltime_s": 42.29341459274292,
  "mAP": 0.002041066880687929,
  "NDS": 0.046188345853240775,
  "mAP_minus_baseline": 3.27784642688983e-06,
  "temporal": {
    "n_samples": 6019,
    "label_switch_count_total": 4614,
    "time_to_confirm": {
      "n_instances": 8132,
      "mean": 3.8139449090014756,
      "median": 3.0,
      "p90": 7.0,
      "max": 20
    }
  },
  "fire_audit": {
    "n_proposals_total": 109694,
    "n_emitted_total": 102637,
    "n_suppressed_by_gate": 0,
    "n_m21_weighted_votes": 109694,
    "n_relabeled_by_m21": 10642,
    "n_merged_by_m31": 0,
    "n_merged_by_m32": 0,
    "n_samples": 6019
  }
}