{
  "scene_name": "scene0011_00",
  "config_path": "pretrained/config_scannet200.yaml",
  "n_streaming_frames": 238,
  "n_offline_predictions": 600,
  "n_streaming_predictions": 600,
  "offline_metrics": {
    "AP": 0.34568356970780584,
    "AP_50": 0.4729319933101446,
    "AP_25": 0.5460166817309674,
    "head_AP": 0.3456835697078059,
    "head_AP_50": 0.4729319933101446,
    "head_AP_25": 0.5460166817309674,
    "common_AP": NaN,
    "common_AP_50": NaN,
    "common_AP_25": NaN,
    "tail_AP": NaN,
    "tail_AP_50": NaN,
    "tail_AP_25": NaN
  },
  "streaming_metrics": {
    "AP": 0.33640656673662067,
    "AP_50": 0.48980065883061397,
    "AP_25": 0.5359854570454874,
    "head_AP": 0.33640656673662067,
    "head_AP_50": 0.489800658830614,
    "head_AP_25": 0.5359854570454875,
    "common_AP": NaN,
    "common_AP_50": NaN,
    "common_AP_25": NaN,
    "tail_AP": NaN,
    "tail_AP_50": NaN,
    "tail_AP_25": NaN
  },
  "delta_AP": -0.009277002971185166,
  "sanity_threshold": 0.005,
  "sanity_pass": false,
  "offline_inference_seconds": 25.15006399154663,
  "streaming_inference_seconds": 49.11757183074951,
  "d3_visible_per_frame": {
    "min": 15,
    "median": 46.0,
    "mean": 47.436974789915965,
    "max": 98,
    "samples": [
      62,
      54,
      65,
      83,
      65,
      61,
      39,
      37,
      36,
      44,
      47,
      55,
      57,
      57,
      30,
      30,
      53,
      53,
      52,
      53,
      53,
      46,
      45,
      44,
      41,
      41,
      41,
      43,
      46,
      46,
      46,
      46,
      46,
      42,
      52,
      46,
      46,
      46,
      46,
      45,
      44,
      44,
      44,
      44,
      43,
      43,
      43,
      43,
      45,
      45,
      45,
      40,
      35,
      35,
      52,
      50,
      59,
      47,
      49,
      49,
      53,
      55,
      54,
      60,
      57,
      57,
      54,
      55,
      55,
      67,
      62,
      70,
      61,
      64,
      63,
      73,
      65,
      69,
      69,
      78,
      47,
      38,
      37,
      77,
      76,
      83,
      77,
      68,
      59,
      43,
      53,
      52,
      53,
      54,
      49,
      59,
      59,
      56,
      56,
      54,
      54,
      55,
      71,
      77,
      73,
      71,
      73,
      37,
      37,
      37,
      36,
      33,
      30,
      30,
      30,
      28,
      28,
      25,
      25,
      34,
      31,
      25,
      25,
      27,
      26,
      26,
      27,
      25,
      52,
      66,
      65,
      55,
      48,
      44,
      48,
      51,
      54,
      54,
      42,
      31,
      30,
      35,
      35,
      48,
      43,
      22,
      22,
      22,
      24,
      22,
      23,
      21,
      23,
      23,
      18,
      19,
      21,
      27,
      30,
      47,
      40,
      36,
      47,
      41,
      43,
      43,
      38,
      36,
      30,
      28,
      28,
      31,
      28,
      29,
      28,
      28,
      29,
      22,
      21,
      21,
      15,
      17,
      20,
      19,
      24,
      34,
      33,
      38,
      68,
      74,
      80,
      80,
      87,
      84,
      98,
      97,
      98,
      85,
      81,
      77,
      81,
      67,
      79,
      69,
      55,
      60,
      49,
      39,
      36,
      34,
      32,
      20,
      17,
      22,
      22,
      28,
      32,
      42,
      57,
      71,
      67,
      73,
      53,
      60,
      63,
      68,
      70,
      67,
      65,
      62,
      60,
      60,
      47,
      41,
      41,
      41,
      45,
      48
    ]
  }
}