{
  "n_samples": 6019,
  "n_pred_boxes_total": 101976,
  "n_gt_boxes_total": 187528,
  "axis_walltime_s": 26.574043035507202,
  "mAP": 0.0020276098328685004,
  "NDS": 0.04638989059076305,
  "mAP_minus_baseline": null,
  "temporal": {
    "n_samples": 6019,
    "label_switch_count_total": 0,
    "time_to_confirm": {
      "n_instances": 7517,
      "mean": 3.4245044565651193,
      "median": 3.0,
      "p90": 6.0,
      "max": 10
    }
  },
  "fire_audit": {
    "n_proposals_total": 109694,
    "n_emitted_total": 101976,
    "n_suppressed_by_gate": 0,
    "n_m21_weighted_votes": 0,
    "n_relabeled_by_m21": 0,
    "n_merged_by_m31": 0,
    "n_merged_by_m32": 661,
    "n_samples": 6019
  }
}